[
  {
    "produit": "responsable sp\u00e9culatif",
    "content": {
      "Communication": {
        "weight": 65.86142891395099,
        "stocks": [
          [
            "T.TO",
            100.0
          ]
        ]
      },
      "Utilities": {
        "weight": 34.13857108604902,
        "stocks": [
          [
            "AQN.TO",
            43.602247352412476
          ],
          [
            "NPI.TO",
            22.176376256410478
          ],
          [
            "ACO.X.TO",
            14.142700922480394
          ],
          [
            "BEP-UN.TO",
            10.702209548422722
          ],
          [
            "RNW.TO",
            9.376465920273933
          ]
        ]
      }
    }
  },
  {
    "produit": "platine sp\u00e9culatif",
    "content": {
      "Information Technology": {
        "weight": 43.51260725204667,
        "stocks": [
          [
            "CSU.TO",
            67.13708823947417
          ],
          [
            "KXS.TO",
            32.86291176052583
          ]
        ]
      },
      "Utilities": {
        "weight": 21.688599926953913,
        "stocks": [
          [
            "FTS.TO",
            67.2563893297501
          ],
          [
            "RNW.TO",
            32.74361067024989
          ]
        ]
      },
      "Health Care": {
        "weight": 14.861772775112614,
        "stocks": [
          [
            "TLRY.TO",
            100.0
          ]
        ]
      },
      "Cash and/or Derivatives": {
        "weight": 11.155590067380896,
        "stocks": [
          [
            "CAD.TO",
            100.0
          ]
        ]
      },
      "Materials": {
        "weight": 8.781429978505892,
        "stocks": [
          [
            "SEA.TO",
            66.03540712686325
          ],
          [
            "LIF.TO",
            33.96459287313673
          ]
        ]
      }
    }
  },
  {
    "produit": "platine agressif",
    "content": {
      "Energy": {
        "weight": 46.5518113162079,
        "stocks": [
          [
            "ENB.TO",
            41.26836158623996
          ],
          [
            "PKI.TO",
            21.812790029743883
          ],
          [
            "NXE.TO",
            15.579103876857578
          ],
          [
            "HWX.TO",
            12.041359984039733
          ],
          [
            "CNQ.TO",
            9.29838452311885
          ]
        ]
      },
      "Communication": {
        "weight": 24.571831328980647,
        "stocks": [
          [
            "CCA.TO",
            100.0
          ]
        ]
      },
      "Health Care": {
        "weight": 15.945526841471949,
        "stocks": [
          [
            "TLRY.TO",
            66.6880242590088
          ],
          [
            "CSH.UN.TO",
            33.31197574099119
          ]
        ]
      },
      "Consumer Discretionary": {
        "weight": 12.930830513339506,
        "stocks": [
          [
            "TOY.TO",
            65.4937333737881
          ],
          [
            "CTC-A.TO",
            34.5062666262119
          ]
        ]
      }
    }
  },
  {
    "produit": "s\u00e9lect d\u00e9veloppement",
    "content": {
      "Financials": {
        "weight": 54.11268288721062,
        "stocks": [
          [
            "LB.TO",
            65.7653455159651
          ],
          [
            "EFN.TO",
            34.234654484034905
          ]
        ]
      },
      "Utilities": {
        "weight": 27.845365831920855,
        "stocks": [
          [
            "TA.TO",
            46.282529605999315
          ],
          [
            "ACO.X.TO",
            23.826366489066327
          ],
          [
            "BEP-UN.TO",
            17.07434906961291
          ],
          [
            "FTS.TO",
            12.81675483532145
          ]
        ]
      },
      "Real Estate": {
        "weight": 18.04195128086852,
        "stocks": [
          [
            "CRR.UN.TO",
            47.176609843029524
          ],
          [
            "FSV.TO",
            23.588415605565867
          ],
          [
            "FCR.UN.TO",
            16.985999514242383
          ],
          [
            "CIGI.TO",
            12.248975037162218
          ]
        ]
      }
    }
  },
  {
    "produit": "\u00e9toile dynamique",
    "content": {
      "Cash and/or Derivatives": {
        "weight": 47.61516227453586,
        "stocks": [
          [
            "CAD.TO",
            100.0
          ]
        ]
      },
      "Industrials": {
        "weight": 23.2880909847105,
        "stocks": [
          [
            "ATS.TO",
            53.615811138266025
          ],
          [
            "MTL.TO",
            26.353333016912366
          ],
          [
            "STN.TO",
            20.030855844821602
          ]
        ]
      },
      "Real Estate": {
        "weight": 16.431325011547745,
        "stocks": [
          [
            "HR.UN.TO",
            47.46805278833539
          ],
          [
            "SRU.UN.TO",
            24.318712661854697
          ],
          [
            "AIF.TO",
            15.540003432366381
          ],
          [
            "REI-UN.TO",
            12.673231117443532
          ]
        ]
      },
      "Communication": {
        "weight": 12.6654217292059,
        "stocks": [
          [
            "T.TO",
            100.0
          ]
        ]
      }
    }
  },
  {
    "produit": "responsable conservateur",
    "content": {
      "Materials": {
        "weight": 42.32485898935898,
        "stocks": [
          [
            "FNV.TO",
            42.76747068663305
          ],
          [
            "K.TO",
            21.943312177805385
          ],
          [
            "NTR.TO",
            14.392642150973082
          ],
          [
            "STLC.TO",
            11.24871508574071
          ],
          [
            "CFP.TO",
            9.647859898847786
          ]
        ]
      },
      "Health Care": {
        "weight": 21.454221603737555,
        "stocks": [
          [
            "CSH.UN.TO",
            100.0
          ]
        ]
      },
      "Information Technology": {
        "weight": 15.497062902154312,
        "stocks": [
          [
            "DND.TO",
            42.633670176166305
          ],
          [
            "CSU.TO",
            21.036764964293127
          ],
          [
            "DSG.TO",
            15.14667994183681
          ],
          [
            "CSU.TO",
            11.681334721918844
          ],
          [
            "KXS.TO",
            9.501550195784919
          ]
        ]
      },
      "Industrials": {
        "weight": 11.937012990538111,
        "stocks": [
          [
            "STN.TO",
            47.285418583261205
          ],
          [
            "BYD.TO",
            24.76593724742776
          ],
          [
            "ATS.TO",
            15.267423176499529
          ],
          [
            "EIF.TO",
            12.6812209928115
          ]
        ]
      },
      "Communication": {
        "weight": 8.786843514211046,
        "stocks": [
          [
            "BCE.TO",
            100.0
          ]
        ]
      }
    }
  },
  {
    "produit": "canadien croissance",
    "content": {
      "Information Technology": {
        "weight": 46.7319678046054,
        "stocks": [
          [
            "GIB-A.TO",
            54.14753952721449
          ],
          [
            "CSU.TO",
            27.386676191504826
          ],
          [
            "KXS.TO",
            18.46578428128067
          ]
        ]
      },
      "Health Care": {
        "weight": 24.478974806139064,
        "stocks": [
          [
            "TLRY.TO",
            100.0
          ]
        ]
      },
      "Materials": {
        "weight": 16.516244475620848,
        "stocks": [
          [
            "CCL.B.TO",
            53.78164581794014
          ],
          [
            "AGI.TO",
            28.01543836105389
          ],
          [
            "WFG.TO",
            18.202915821005952
          ]
        ]
      },
      "Industrials": {
        "weight": 12.272812913634692,
        "stocks": [
          [
            "BBD.B.TO",
            53.83590140264781
          ],
          [
            "GFL.TO",
            28.205626551065077
          ],
          [
            "CP.TO",
            17.958472046287117
          ]
        ]
      }
    }
  },
  {
    "produit": "platine dynamique",
    "content": {
      "Financials": {
        "weight": 47.1455096027704,
        "stocks": [
          [
            "IFC.TO",
            46.79719532389571
          ],
          [
            "RY.TO",
            23.74072993240646
          ],
          [
            "TD.TO",
            15.811769911937448
          ],
          [
            "POW.TO",
            13.650304831760396
          ]
        ]
      },
      "Communication": {
        "weight": 23.84275850839522,
        "stocks": [
          [
            "T.TO",
            100.0
          ]
        ]
      },
      "Cash and/or Derivatives": {
        "weight": 16.48344054780534,
        "stocks": [
          [
            "USD.TO",
            100.0
          ]
        ]
      },
      "Consumer Discretionary": {
        "weight": 12.52829134102904,
        "stocks": [
          [
            "MTY.TO",
            67.03300553149786
          ],
          [
            "TOY.TO",
            32.966994468502136
          ]
        ]
      }
    }
  },
  {
    "produit": "\u00e9toile croissance",
    "content": {
      "Consumer Staples": {
        "weight": 42.60139617920034,
        "stocks": [
          [
            "L.TO",
            47.488093064681266
          ],
          [
            "PBH.TO",
            24.703404527404263
          ],
          [
            "NWC.TO",
            15.662520228702503
          ],
          [
            "ATD.TO",
            12.145982179211954
          ]
        ]
      },
      "Utilities": {
        "weight": 21.465584939523264,
        "stocks": [
          [
            "EMA.TO",
            42.37658610829786
          ],
          [
            "FTS.TO",
            22.50555084329995
          ],
          [
            "ALA.TO",
            14.731572326664363
          ],
          [
            "NPI.TO",
            11.48424946174943
          ],
          [
            "BLX.TO",
            8.9020412599884
          ]
        ]
      },
      "Cash and/or Derivatives": {
        "weight": 14.481040610000177,
        "stocks": [
          [
            "USD.TO",
            100.0
          ]
        ]
      },
      "Industrials": {
        "weight": 11.807656219216838,
        "stocks": [
          [
            "WTE.TO",
            67.29163403092673
          ],
          [
            "TIXT.TO",
            32.70836596907326
          ]
        ]
      },
      "Information Technology": {
        "weight": 9.644322052059378,
        "stocks": [
          [
            "CLS.TO",
            53.51439234099554
          ],
          [
            "CSU.TO",
            26.505710635031697
          ],
          [
            "GIB-A.TO",
            19.97989702397276
          ]
        ]
      }
    }
  },
  {
    "produit": "s\u00e9lect dynamique",
    "content": {
      "Materials": {
        "weight": 42.262734242135,
        "stocks": [
          [
            "IVN.TO",
            47.16441198323647
          ],
          [
            "CG.TO",
            23.769587998037515
          ],
          [
            "AEM.TO",
            17.46235504590001
          ],
          [
            "FM.TO",
            11.603644972825993
          ]
        ]
      },
      "Information Technology": {
        "weight": 21.640955863644677,
        "stocks": [
          [
            "DND.TO",
            65.05709218432632
          ],
          [
            "GIB-A.TO",
            34.94290781567368
          ]
        ]
      },
      "Real Estate": {
        "weight": 15.209953318973474,
        "stocks": [
          [
            "CRR.UN.TO",
            65.96988806887968
          ],
          [
            "DIR.UN.TO",
            34.03011193112031
          ]
        ]
      },
      "Consumer Discretionary": {
        "weight": 11.418557950077316,
        "stocks": [
          [
            "PET.TO",
            46.44778540667069
          ],
          [
            "TOY.TO",
            23.470101759821272
          ],
          [
            "ZZZ.TO",
            17.101525161724005
          ],
          [
            "DOL.TO",
            12.980587671784042
          ]
        ]
      },
      "Health Care": {
        "weight": 9.467798625169536,
        "stocks": [
          [
            "TLRY.TO",
            67.56809691799936
          ],
          [
            "SIA.TO",
            32.43190308200064
          ]
        ]
      }
    }
  },
  {
    "produit": "s\u00e9lect agressif",
    "content": {
      "Health Care": {
        "weight": 47.68108245342809,
        "stocks": [
          [
            "CSH.UN.TO",
            66.78062301274787
          ],
          [
            "BHC.TO",
            33.21937698725213
          ]
        ]
      },
      "Industrials": {
        "weight": 23.52306456584795,
        "stocks": [
          [
            "BLDP.TO",
            53.19677217308447
          ],
          [
            "SNC.TO",
            26.595373261524795
          ],
          [
            "WSP.TO",
            20.207854565390722
          ]
        ]
      },
      "Real Estate": {
        "weight": 16.651526896685347,
        "stocks": [
          [
            "PMZ.UN.TO",
            46.516447233537086
          ],
          [
            "CHP.UN.TO",
            25.195219093453993
          ],
          [
            "CIGI.TO",
            16.21391488314453
          ],
          [
            "IIP.UN.TO",
            12.074418789864373
          ]
        ]
      },
      "Materials": {
        "weight": 12.144326084038614,
        "stocks": [
          [
            "TXG.TO",
            65.63905791894986
          ],
          [
            "SJ.TO",
            34.36094208105015
          ]
        ]
      }
    }
  },
  {
    "produit": "canadien optimal",
    "content": {
      "Industrials": {
        "weight": 43.168708342231945,
        "stocks": [
          [
            "BBD.B.TO",
            43.00142221991866
          ],
          [
            "RUS.TO",
            22.180597558430847
          ],
          [
            "BBU.UN.TO",
            14.489813453517414
          ],
          [
            "WSP.TO",
            10.494620567794847
          ],
          [
            "WTE.TO",
            9.833546200338226
          ]
        ]
      },
      "Financials": {
        "weight": 21.097294797656854,
        "stocks": [
          [
            "POW.TO",
            45.86190776170224
          ],
          [
            "BN.TO",
            23.63645568189456
          ],
          [
            "CWB.TO",
            16.898558765246854
          ],
          [
            "SII.TO",
            13.603077791156348
          ]
        ]
      },
      "Communication": {
        "weight": 15.373978451157585,
        "stocks": [
          [
            "T.TO",
            65.25514026340531
          ],
          [
            "RCI-B.TO",
            34.74485973659469
          ]
        ]
      },
      "Cash and/or Derivatives": {
        "weight": 10.821754019393689,
        "stocks": [
          [
            "CAD.TO",
            100.0
          ]
        ]
      },
      "Utilities": {
        "weight": 9.538264389559945,
        "stocks": [
          [
            "INE.TO",
            42.79412819274005
          ],
          [
            "FTS.TO",
            21.275308771570998
          ],
          [
            "RNW.TO",
            15.791322364525504
          ],
          [
            "H.TO",
            11.562721708131523
          ],
          [
            "CPX.TO",
            8.576518963031935
          ]
        ]
      }
    }
  },
  {
    "produit": "\u00e9toile optimal",
    "content": {
      "Health Care": {
        "weight": 43.08193046420223,
        "stocks": [
          [
            "BHC.TO",
            100.0
          ]
        ]
      },
      "Real Estate": {
        "weight": 21.80985882258971,
        "stocks": [
          [
            "CAR-UN.TO",
            42.165824472260496
          ],
          [
            "HR.UN.TO",
            21.941124701638667
          ],
          [
            "FSV.TO",
            15.561193185997016
          ],
          [
            "REI-UN.TO",
            11.20869821865747
          ],
          [
            "CHP.UN.TO",
            9.123159421446339
          ]
        ]
      },
      "Utilities": {
        "weight": 14.638530219842732,
        "stocks": [
          [
            "ACO.X.TO",
            47.05881956702024
          ],
          [
            "FTS.TO",
            23.947621207996672
          ],
          [
            "BEP-UN.TO",
            16.79705521518912
          ],
          [
            "AQN.TO",
            12.196504009793982
          ]
        ]
      },
      "Materials": {
        "weight": 10.840116688206288,
        "stocks": [
          [
            "SSRM.TO",
            66.05222511567102
          ],
          [
            "FIL.TO",
            33.94777488432898
          ]
        ]
      },
      "Information Technology": {
        "weight": 9.629563805159028,
        "stocks": [
          [
            "BB.TO",
            52.4296351873312
          ],
          [
            "KXS.TO",
            28.062348027030275
          ],
          [
            "LSPD.TO",
            19.50801678563852
          ]
        ]
      }
    }
  },
  {
    "produit": "\u00e9toile conservateur",
    "content": {
      "Consumer Staples": {
        "weight": 54.810697909481775,
        "stocks": [
          [
            "L.TO",
            65.72094903212171
          ],
          [
            "NWC.TO",
            34.2790509678783
          ]
        ]
      },
      "Materials": {
        "weight": 27.247988749284495,
        "stocks": [
          [
            "ERO.TO",
            42.60311306995861
          ],
          [
            "SIL.TO",
            21.25856956938718
          ],
          [
            "SJ.TO",
            15.583021754644443
          ],
          [
            "WDO.TO",
            12.005167884045145
          ],
          [
            "CS.TO",
            8.550127721964623
          ]
        ]
      },
      "Information Technology": {
        "weight": 17.94131334123372,
        "stocks": [
          [
            "ENGH.TO",
            44.01109799738681
          ],
          [
            "LSPD.TO",
            21.63335704641073
          ],
          [
            "DSG.TO",
            14.686347403636834
          ],
          [
            "OTEX.TO",
            11.032278421465016
          ],
          [
            "CSU.TO",
            8.636919131100607
          ]
        ]
      }
    }
  },
  {
    "produit": "responsable dynamique",
    "content": {
      "Cash and/or Derivatives": {
        "weight": 66.46857589316956,
        "stocks": [
          [
            "CAD.TO",
            100.0
          ]
        ]
      },
      "Consumer Discretionary": {
        "weight": 33.531424106830436,
        "stocks": [
          [
            "PET.TO",
            41.93584987961351
          ],
          [
            "DOO.TO",
            21.73339733956806
          ],
          [
            "TOY.TO",
            14.930940310129003
          ],
          [
            "MG.TO",
            12.27254354542882
          ],
          [
            "PLC.TO",
            9.127268925260603
          ]
        ]
      }
    }
  },
  {
    "produit": "\u00e9toile s\u00e9curitaire",
    "content": {
      "Communication": {
        "weight": 47.23974198798361,
        "stocks": [
          [
            "RCI-B.TO",
            66.6538454739849
          ],
          [
            "QBR.B.TO",
            33.34615452601511
          ]
        ]
      },
      "Real Estate": {
        "weight": 25.052877385212458,
        "stocks": [
          [
            "AIF.TO",
            42.224273530171416
          ],
          [
            "TCN.TO",
            21.99198145690745
          ],
          [
            "CAR-UN.TO",
            15.11616127296684
          ],
          [
            "DIR.UN.TO",
            11.315800699652382
          ],
          [
            "BEI.UN.TO",
            9.351783040301912
          ]
        ]
      },
      "Cash and/or Derivatives": {
        "weight": 15.800848047780903,
        "stocks": [
          [
            "USD.TO",
            100.0
          ]
        ]
      },
      "Consumer Staples": {
        "weight": 11.906532579023025,
        "stocks": [
          [
            "PRMW.TO",
            41.026701657695504
          ],
          [
            "MFI.TO",
            22.057675175984198
          ],
          [
            "EMP.A.TO",
            15.436929106594535
          ],
          [
            "ATD.TO",
            11.900541631436695
          ],
          [
            "PBH.TO",
            9.578152428289085
          ]
        ]
      }
    }
  },
  {
    "produit": "canadien sp\u00e9culatif",
    "content": {
      "Cash and/or Derivatives": {
        "weight": 66.54583460948376,
        "stocks": [
          [
            "USD.TO",
            100.0
          ]
        ]
      },
      "Communication": {
        "weight": 33.45416539051625,
        "stocks": [
          [
            "T.TO",
            66.42973709258196
          ],
          [
            "BCE.TO",
            33.57026290741804
          ]
        ]
      }
    }
  },
  {
    "produit": "canadien dynamique",
    "content": {
      "Financials": {
        "weight": 42.25465026284977,
        "stocks": [
          [
            "ONEX.TO",
            66.79277748105926
          ],
          [
            "BN.TO",
            33.207222518940746
          ]
        ]
      },
      "Consumer Staples": {
        "weight": 22.15953430139115,
        "stocks": [
          [
            "MFI.TO",
            43.06957547883407
          ],
          [
            "L.TO",
            21.588072667806973
          ],
          [
            "SAP.TO",
            15.70562097615479
          ],
          [
            "PBH.TO",
            11.19967543864958
          ],
          [
            "WN.TO",
            8.437055438554605
          ]
        ]
      },
      "Materials": {
        "weight": 14.814947312491974,
        "stocks": [
          [
            "AEM.TO",
            54.3429574905686
          ],
          [
            "SEA.TO",
            27.388681505642847
          ],
          [
            "EDR.TO",
            18.26836100378855
          ]
        ]
      },
      "Real Estate": {
        "weight": 11.021803162814047,
        "stocks": [
          [
            "AIF.TO",
            66.21072374964362
          ],
          [
            "CHP.UN.TO",
            33.78927625035638
          ]
        ]
      },
      "Utilities": {
        "weight": 9.749064960453063,
        "stocks": [
          [
            "EMA.TO",
            45.72634430460217
          ],
          [
            "BIP-UN.TO",
            25.09780763049667
          ],
          [
            "SPB.TO",
            15.80918487822413
          ],
          [
            "BLX.TO",
            13.366663186677027
          ]
        ]
      }
    }
  },
  {
    "produit": "canadien agressif",
    "content": {
      "Consumer Staples": {
        "weight": 42.92861426445275,
        "stocks": [
          [
            "MRU.TO",
            53.8582464436501
          ],
          [
            "EMP.A.TO",
            26.430697510800115
          ],
          [
            "PRMW.TO",
            19.711056045549775
          ]
        ]
      },
      "Real Estate": {
        "weight": 22.522153446009156,
        "stocks": [
          [
            "NWH.UN.TO",
            43.241270055884364
          ],
          [
            "TCN.TO",
            20.76966513107394
          ],
          [
            "PMZ.UN.TO",
            15.525169564550684
          ],
          [
            "CIGI.TO",
            10.854720549486295
          ],
          [
            "CHP.UN.TO",
            9.609174699004717
          ]
        ]
      },
      "Financials": {
        "weight": 14.474099661346946,
        "stocks": [
          [
            "BMO.TO",
            54.03808934175871
          ],
          [
            "MFC.TO",
            27.620220968118943
          ],
          [
            "DFY.TO",
            18.341689690122344
          ]
        ]
      },
      "Energy": {
        "weight": 10.635742128206992,
        "stocks": [
          [
            "SU.TO",
            42.66774660787926
          ],
          [
            "PSI.TO",
            22.51218087833121
          ],
          [
            "SES.TO",
            14.083150025204699
          ],
          [
            "GEI.TO",
            11.261876872132051
          ],
          [
            "TOU.TO",
            9.47504561645279
          ]
        ]
      },
      "Materials": {
        "weight": 9.439390499984153,
        "stocks": [
          [
            "BTO.TO",
            45.17049525590448
          ],
          [
            "TCL.A.TO",
            24.46896231412264
          ],
          [
            "KNT.TO",
            17.16498174631366
          ],
          [
            "OR.TO",
            13.195560683659208
          ]
        ]
      }
    }
  },
  {
    "produit": "canadien d\u00e9fensif",
    "content": {
      "Real Estate": {
        "weight": 43.48388058973401,
        "stocks": [
          [
            "SRU.UN.TO",
            42.90401619982187
          ],
          [
            "NWH.UN.TO",
            22.283706866796066
          ],
          [
            "CAR-UN.TO",
            15.253721537951684
          ],
          [
            "AIF.TO",
            10.582261448384935
          ],
          [
            "SVI.TO",
            8.976293947045452
          ]
        ]
      },
      "Information Technology": {
        "weight": 21.373688547180166,
        "stocks": [
          [
            "BB.TO",
            47.06860760590512
          ],
          [
            "OTEX.TO",
            23.792261913722477
          ],
          [
            "SHOP.TO",
            16.383412537096845
          ],
          [
            "DSG.TO",
            12.755717943275553
          ]
        ]
      },
      "Financials": {
        "weight": 15.150442879489828,
        "stocks": [
          [
            "SII.TO",
            66.89549783040411
          ],
          [
            "TD.TO",
            33.104502169595875
          ]
        ]
      },
      "Health Care": {
        "weight": 11.34681625050928,
        "stocks": [
          [
            "TLRY.TO",
            66.03538683658505
          ],
          [
            "BHC.TO",
            33.96461316341496
          ]
        ]
      },
      "Communication": {
        "weight": 8.64517173308671,
        "stocks": [
          [
            "QBR.B.TO",
            100.0
          ]
        ]
      }
    }
  }
]